Type,Name,Request Count,Failure Count,Median Response Time,Average Response Time,Min Response Time,Max Response Time,Average Content Size,Requests/s,Failures/s,50%,66%,75%,80%,90%,95%,98%,99%,99.9%,99.99%,100%
GET,/items/[id] [price check],72282,0,22,24.647464098945797,12,337,286.77394095348774,1208.1127335143265,0.0,22,24,25,26,29,38,61,90,180,300,340
POST,/items/[id]/bid [contention],72260,0,21,26.032507611403265,14,542,137.36311929144756,1207.7450281362612,0.0,21,23,27,28,32,46,82,120,260,360,540
POST,bid_accepted,10233,0,22,24.654683113377732,14.899015426635742,250.46706199645996,116.75686504446399,171.0331424428226,0.0,22,26,28,29,31,33,43,58,130,170,250
POST,bid_rejected,62027,0,21,26.8560457024356,14.42408561706543,542.2899723052979,140.76266787044352,1036.7118856934385,0.0,21,23,27,29,33,49,90,130,270,360,540
,Aggregated,216802,0,21,25.741313821293932,12,542.2899723052979,187.17683416204648,3623.6027897868485,0.0,21,24,26,27,31,42,76,110,240,350,540
