Type,Name,Request Count,Failure Count,Median Response Time,Average Response Time,Min Response Time,Max Response Time,Average Content Size,Requests/s,Failures/s,50%,66%,75%,80%,90%,95%,98%,99%,99.9%,99.99%,100%
GET,/items/[id] [price check],328636,0,50,58.69853272313441,13,598,286.7771698779196,5478.4811451042615,0.0,50,60,68,74,96,120,150,200,380,480,600
POST,/items/[id]/bid [contention],328263,0,56,63.506447574048856,13,564,140.11770135531572,5472.263100011442,0.0,56,65,72,79,100,130,170,210,400,500,560
POST,bid_accepted,8823,0,42,45.54890805356535,15.089035034179688,225.7390022277832,116.76447920208545,147.0826055065632,0.0,42,50,56,59,69,85,110,130,170,230,230
POST,bid_rejected,319440,0,57,64.52256523141759,13.689279556274414,564.0718936920166,140.76272226396193,5325.180494504879,0.0,57,66,73,80,110,130,170,210,410,500,560
,Aggregated,985162,0,55,62.07124742253623,13,598,189.04120946605735,16423.007345127146,0.0,55,64,71,77,100,130,160,210,400,490,600
