Type,Name,Request Count,Failure Count,Median Response Time,Average Response Time,Min Response Time,Max Response Time,Average Content Size,Requests/s,Failures/s,50%,66%,75%,80%,90%,95%,98%,99%,99.9%,99.99%,100%
GET,/items/[id] [price check],284712,0,25,32.21436047655175,13,527,286.75296088679085,4754.205434102986,0.0,25,32,38,43,54,63,80,100,290,400,530
POST,/items/[id]/bid [contention],284513,0,24,32.193003483144885,13,561,139.5047291336424,4750.882473070832,0.0,24,30,38,42,54,65,85,120,360,490,560
POST,bid_accepted,14813,0,23,25.475551024122577,15.11383056640625,185.35399436950684,116.75440491460203,247.3518681873877,0.0,23,25,27,28,35,44,60,68,93,150,190
POST,bid_rejected,269700,0,24,33.09611571290381,13.417959213256836,561.5179538726807,140.75426770485726,4503.5306048834445,0.0,24,32,39,44,55,67,87,120,360,490,560
,Aggregated,853738,0,24,32.3688704791054,13,561.5179538726807,188.6103546989826,14255.970380244651,0.0,24,31,38,43,54,65,83,110,330,480,560
