Type,Name,Request Count,Failure Count,Median Response Time,Average Response Time,Min Response Time,Max Response Time,Average Content Size,Requests/s,Failures/s,50%,66%,75%,80%,90%,95%,98%,99%,99.9%,99.99%,100%
GET,/items/[id] [price check],69775,0,22,23.26602651379434,13,557,286.5614761734145,1180.546735086615,0.0,22,24,25,26,27,30,37,49,140,430,560
POST,/items/[id]/bid [contention],69751,0,21,23.45375693538444,14,554,136.53992057461542,1180.140671000021,0.0,21,22,25,27,30,32,41,58,210,490,550
POST,bid_accepted,10508,0,22,24.012072530135846,16.04294776916504,240.65899848937988,116.27845451084887,177.78839258029595,0.0,22,25,28,29,30,32,36,41,70,100,240
POST,bid_rejected,59243,0,21,23.95876258872763,14.272928237915039,554.3742179870605,140.1337204395456,1002.3522784197252,0.0,21,23,25,27,30,33,43,61,220,500,550
,Aggregated,209277,0,21,23.562158432081205,13,557,186.55857547652155,3540.8280770866572,0.0,21,23,25,26,29,32,40,54,190,450,560
