Type,Name,Request Count,Failure Count,Median Response Time,Average Response Time,Min Response Time,Max Response Time,Average Content Size,Requests/s,Failures/s,50%,66%,75%,80%,90%,95%,98%,99%,99.9%,99.99%,100%
GET,/items/[id] [price check],174793,0,92,118.34704479012318,13,706,286.7657228836395,2917.514947708497,0.0,92,150,180,190,240,280,330,400,640,680,710
POST,/items/[id]/bid [contention],174212,0,120,137.35709365600533,13,1060,140.0767455743577,2907.8173271823966,0.0,120,170,200,220,260,300,380,450,720,880,1100
POST,bid_accepted,5006,0,31,54.82963733657855,14.713048934936523,467.7002429962158,116.77427087495006,83.55643434364498,0.0,31,60,77,87,120,150,180,200,430,470,470
POST,bid_rejected,169206,0,120.0,140.32176289323326,13.889074325561523,1060.953140258789,140.76615486448472,2824.2608928387517,0.0,120,180,210,220,270,310,380,450,720,880,1100
,Aggregated,523217,0,110,131.17549769334585,13,1060.953140258789,189.08166401321057,8733.14960207329,0.0,110,160,200,210,260,300,360,430,700,870,1100
