Type,Name,Request Count,Failure Count,Median Response Time,Average Response Time,Min Response Time,Max Response Time,Average Content Size,Requests/s,Failures/s,50%,66%,75%,80%,90%,95%,98%,99%,99.9%,99.99%,100%
GET,/items/[id] [price check],317618,0,160,296.02912303458874,14,14080,286.7848862470011,4709.478359875272,0.0,160,230,320,360,550,670,1500,2200,12000,14000,14000
POST,/items/[id]/bid [contention],315890,0,130,213.4021336541201,14,3588,140.36993573712368,4683.856453667612,0.0,130,220,250,270,440,540,1200,1700,2800,3100,3600
POST,bid_accepted,5182,0,46,83.01878453957349,15.011072158813477,827.6658058166504,116.76071015052104,76.83606363894256,0.0,46,81,110,120,200,260,430,490,730,830,830
POST,bid_rejected,310708,0,130.0,216.0948031330191,14.044046401977539,3588.1898403167725,140.76369131145643,4607.02039002867,0.0,130,220,250,270,440,550,1200,1700,2800,3100,3600
,Aggregated,949398,0,140,241.2142909858017,14,14080,189.35257921335415,14077.191267210495,0.0,140,220,260,290,460,610,1300,1900,8700,13000,14000
