Type,Name,Request Count,Failure Count,Median Response Time,Average Response Time,Min Response Time,Max Response Time,Average Content Size,Requests/s,Failures/s,50%,66%,75%,80%,90%,95%,98%,99%,99.9%,99.99%,100%
GET,/items/[id] [price check],171700,0,180,205.9662725684333,13,1544,286.76079207920793,2859.6040352817836,0.0,180,250,280,300,380,460,640,1000,1400,1500,1500
POST,/items/[id]/bid [contention],171007,0,210,229.5992035413755,13,1604,140.19392773395242,2848.0623602878977,0.0,210,280,310,330,410,510,670,1100,1500,1600,1600
POST,bid_accepted,3991,0,57,104.65231882065228,14.759063720703125,717.8969383239746,116.76797795038837,66.46872280028887,0.0,57,120,170,200,260,300,360,390,630,720,720
POST,bid_rejected,167016,0,210.0,233.1067226413521,13.905763626098633,1604.4936180114746,140.75371221918857,2781.5936374876087,0.0,210,280,310,340,420,510,680,1100,1500,1600,1600
,Aggregated,513714,0,200.0,221.86995058161017,13,1604.4936180114746,189.18136161366053,8555.728755857579,0.0,200,270,300,320,400,500,670,1100,1500,1600,1600
