Type,Name,Request Count,Failure Count,Median Response Time,Average Response Time,Min Response Time,Max Response Time,Average Content Size,Requests/s,Failures/s,50%,66%,75%,80%,90%,95%,98%,99%,99.9%,99.99%,100%
GET,/items/[id] [price check],315774,0,110,120.95686155288276,13,3945,286.8065800224211,5259.519972999123,0.0,110,120,140,140,190,230,300,500,1500,3500,3900
POST,/items/[id]/bid [contention],314895,0,90,116.89899807872466,13,1241,140.3418282284571,5244.8793817653095,0.0,90,140,150,160,190,250,290,410,1000,1200,1200
POST,bid_accepted,5680,0,59,64.98602490190049,15.558004379272461,426.47790908813477,116.76901408450705,94.60586826855605,0.0,59,75,82,88,130,170,200,240,310,430,430
POST,bid_rejected,309215,0,91,118.369286229539,13.566970825195312,1241.0948276519775,140.77483951296023,5150.273513496753,0.0,91,140,150,160,190,250,290,410,1000,1200,1200
,Aggregated,945564,0,100,118.42310141133726,13,3945,189.25418163128037,15749.27873652974,0.0,100,130,150,160,190,240,290,420,1100,2900,3900
