Type,Name,Request Count,Failure Count,Median Response Time,Average Response Time,Min Response Time,Max Response Time,Average Content Size,Requests/s,Failures/s,50%,66%,75%,80%,90%,95%,98%,99%,99.9%,99.99%,100%
GET,/items/[id] [price check],179005,0,52,56.38334683388732,13,905,286.8041395491746,2989.1746155253913,0.0,52,66,75,81,94,110,130,160,320,750,900
POST,/items/[id]/bid [contention],178806,0,60,66.2463116450231,13,1164,139.87114526358175,2985.851547742427,0.0,60,80,91,97,120,140,180,200,500,890,1200
POST,bid_accepted,6658,0,26,38.50987076437055,14.477968215942383,602.0982265472412,116.76779813757885,111.18083064812747,0.0,26,38,51,58,77,93,110,120,190,600,600
POST,bid_rejected,172148,0,62,67.84666457367777,13.668060302734375,1165.0159358978271,140.76469084741038,2874.6707170942996,0.0,62,81,92,99,120,140,180,200,520,890,1200
,Aggregated,536617,0,57,63.125479313138904,13,1165.0159358978271,188.88513595357583,8960.877711010246,0.0,57,75,85,92,110,130,160,190,440,880,1200
