Type,Name,Request Count,Failure Count,Median Response Time,Average Response Time,Min Response Time,Max Response Time,Average Content Size,Requests/s,Failures/s,50%,66%,75%,80%,90%,95%,98%,99%,99.9%,99.99%,100%
GET,/items/[id] [price check],175214,0,190,232.96825025397513,13,1030,286.760298834568,2902.201226484968,0.0,190,280,340,380,520,610,690,740,910,980,1000
POST,/items/[id]/bid [contention],173877,0,220,255.3072919362538,13,1508,140.22154166450997,2880.0554901864393,0.0,220,310,370,420,540,640,710,770,980,1100,1500
POST,bid_accepted,3899,0,47,102.56381547276746,15.402078628540039,593.3241844177246,116.76352911002822,64.5820686820967,0.0,47,110,160,200,270,310,380,420,540,590,590
POST,bid_rejected,169978,0,220.0,259.3316772371258,13.982057571411133,1508.8458061218262,140.75962771652803,2815.4734215043427,0.0,220,310,380,420,550,640,710,770,980,1100,1500
,Aggregated,522968,0,210.0,247.99211643913296,13,1508.8458061218262,189.31755097826255,8662.312206857847,0.0,210,300,360,410,530,630,700,760,960,1100,1500
