Type,Name,Request Count,Failure Count,Median Response Time,Average Response Time,Min Response Time,Max Response Time,Average Content Size,Requests/s,Failures/s,50%,66%,75%,80%,90%,95%,98%,99%,99.9%,99.99%,100%
GET,/items/[id],6218,0,20,20.525088452878737,13,90,272.6069475715664,34.67164740544483,0.0,20,22,23,23,24,25,27,45,76,90,90
POST,/items/[id]/bid,2491,0,20,20.727418707346448,13,85,131.40706543556806,13.889847810704902,0.0,20,22,23,23,25,26,28,45,71,85,85
,Aggregated,8709,0,20,20.582960156160294,13,90,232.22011712022046,48.56149521614974,0.0,20,22,23,23,24,25,27,45,76,90,90
