Type,Name,Request Count,Failure Count,Median Response Time,Average Response Time,Min Response Time,Max Response Time,Average Content Size,Requests/s,Failures/s,50%,66%,75%,80%,90%,95%,98%,99%,99.9%,99.99%,100%
GET,/items/[id],6130,0,20,20.357911908646003,13,108,273.49445350734095,34.17888393402512,0.0,20,21,22,23,24,25,33,53,92,110,110
GET,/items/[id] [price check],2516,0,20,20.447138314785374,13,92,273.5190779014308,14.028396733769528,0.0,20,21,22,23,24,25,42,55,87,92,92
POST,/items/[id]/bid,2516,0,19,19.72376788553259,14,105,161.53139904610492,14.028396733769528,0.0,19,20,20,20,21,21,23,29,92,100,100
,Aggregated,11162,0,20,20.23508331840172,13,108,248.26267693961657,62.23567740156418,0.0,20,20,21,22,24,25,30,49,90,100,110
