Type,Name,Request Count,Failure Count,Median Response Time,Average Response Time,Min Response Time,Max Response Time,Average Content Size,Requests/s,Failures/s,50%,66%,75%,80%,90%,95%,98%,99%,99.9%,99.99%,100%
GET,/items/[id],6222,0,20,20.128093860495017,13,102,273.89119254259083,34.684415609591774,0.0,20,21,22,23,24,25,28,47,68,100,100
GET,/items/[id] [price check],2440,0,20,20.164754098360657,13,77,273.90532786885245,13.601731611604617,0.0,20,21,22,23,24,25,27,49,61,77,77
POST,/items/[id]/bid,2440,0,19,19.520491803278688,15,66,162.2840163934426,13.601731611604617,0.0,19,20,20,20,20,21,22,28,48,66,66
,Aggregated,11102,0,20,20.002612141956405,13,102,249.36524950459378,61.887878832801,0.0,20,20,21,22,24,25,27,46,66,79,100
