Type,Name,Request Count,Failure Count,Median Response Time,Average Response Time,Min Response Time,Max Response Time,Average Content Size,Requests/s,Failures/s,50%,66%,75%,80%,90%,95%,98%,99%,99.9%,99.99%,100%
GET,/items/[id],6213,0,20,20.3275390310639,12,91,273.8676967648479,34.638037228784675,0.0,20,21,22,23,24,25,29,44,81,91,91
GET,/items/[id] [price check],2449,0,20,20.201714985708453,13,81,273.8705594120049,13.653396615691884,0.0,20,21,22,23,24,25,31,43,64,81,81
POST,/items/[id]/bid,2448,0,19,19.57843137254902,15,41,162.30228758169935,13.647821525199564,0.0,19,20,20,20,21,21,23,29,40,41,41
,Aggregated,11110,0,20,20.134743474347434,12,91,249.2857785778578,61.939255369676125,0.0,20,21,22,22,24,25,28,42,64,91,91
