Type,Name,Request Count,Failure Count,Median Response Time,Average Response Time,Min Response Time,Max Response Time,Average Content Size,Requests/s,Failures/s,50%,66%,75%,80%,90%,95%,98%,99%,99.9%,99.99%,100%
GET,/health,191,0,33,34.57068062827225,16,90,75.0,6.580471190455764,0.0,33,39,42,44,50,52,58,86,90,90,90
GET,/items/[id],928,0,35,36.72952586206897,15,101,279.3243534482759,31.972132276141096,0.0,35,40,44,45,50,56,85,90,100,100,100
POST,/items/[id]/bid,2074,0,34,36.341369334619095,15,108,144.82063645130182,71.45495941887569,0.0,34,40,43,45,51,55,77,90,100,110,110
POST,/items/[id]/bid [optimistic],13169,0,36,37.07024071683499,14,110,147.88343837800895,453.70798485398933,0.0,36,41,45,47,52,55,60,72,100,110,110
POST,bid_accepted_retries_1,13169,0,36,37.57962152928768,14.091014862060547,110.6419563293457,147.88343837800895,453.70798485398933,0.0,36,42,45,47,52,56,60,73,100,110,110
,Aggregated,29531,0,36,37.21933005720055,14,110.6419563293457,151.32741864481392,1017.4235325934512,0.0,36,41,45,47,52,55,60,77,100,110,110
