Type,Name,Request Count,Failure Count,Median Response Time,Average Response Time,Min Response Time,Max Response Time,Average Content Size,Requests/s,Failures/s,50%,66%,75%,80%,90%,95%,98%,99%,99.9%,99.99%,100%
GET,/health,198,0,21,25.075757575757574,13,222,75.0,6.817074999463974,0.0,21,23,24,25,30,41,97,180,220,220,220
GET,/items/[id],920,0,23,34.70217391304348,12,1055,278.23369565217394,31.675297977307352,0.0,23,25,26,28,41,74,140,240,1100,1100,1100
POST,/items/[id]/bid,2134,0,22,30.978912839737582,13,1056,144.92970946579194,73.47291943866728,0.0,22,24,26,27,39,70,140,220,1000,1100,1100
POST,/items/[id]/bid [lua],15871,0,22,25.413962573246803,13,1055,144.88349820427194,546.4333197802663,0.0,22,24,25,26,29,41,81,110,270,1100,1100
POST,bid_accepted_retries_1,15871,0,22,25.926789987456047,13.377904891967773,1055.9678077697754,144.88349820427194,546.4333197802663,0.0,22,24,25,26,30,41,82,110,270,1100,1100
,Aggregated,34994,0,22,26.22818437134694,12,1056,147.9967137223524,1204.8319319759712,0.0,22,24,25,26,30,44,86,120,280,1100,1100
